﻿Designator,Footprint,Quantity,Value,LCSC Part #
"C1, C2",CP_Elec_10x10,2,330u,
C3,0603,1,0.1u,
"D1, D3",0603,2,LED,
D2,D_DO-201AD_P15.24mm_Horizontal,1,D,
F1,FUC-04,1,Fuse_Small,
J1,PinSocket_1x02_P2.54mm_Vertical,1,Conn_01x02_Pin,
J2,AMASS_XT60PW-M_1x02_P7.20mm_Horizontal,1,Conn_01x02,
J3,AMASS_XT60PW-F_1x02_P7.20mm_Horizontal,1,Conn_01x02,
"J4, J6",JST_XH_B2B-XH-A_1x02_P2.50mm_Vertical,2,Conn_01x02,
J5,PinSocket_2x04_P2.54mm_Vertical,1,Conn_02x04_Counter_Clockwise,
K1,G2R-1-E,1,G2R-1-E,
Q1,SOT-23,1,BSS138,
"R1, R5",0603,2,3.3k,
"R2, R3",0603,2,1k,
R4,0603,1,10k,
R6,R_Axial_DIN0614_L14.3mm_D5.7mm_P20.32mm_Horizontal,1,47,
U1,SO-5-6_4.55x3.7mm_P1.27mm,1,~,
