﻿Designator,Footprint,Quantity,Value,LCSC Part #
"C1, C12, C8, C9",0603,4,22u,
"C10, C2, C3, C4",0603,4,0.1u,
"C11, C5",0603,2,10u,
"C6, C7",0603,2,C_Small,
D1,Vishay_SMPA,1,D_Small,
"D10, D11, D12, D13, D14, D15, D4, D5, D6, D7, D8, D9",0603,12,LED,
"D2, D3",Nexperia_CFP3_SOD-123W,2,D_Schottky_Small,
"FB1, FB2",0603,2,FerriteBead_Small,
J1,5077CR-16-SMC2-BK-TR,1,USB_C_Receptacle_USB2.0_16P,
"J10, J11",PinHeader_2x03_P2.54mm_Horizontal,2,Conn_02x03_Odd_Even,
J12,PinHeader_2x04_P2.54mm_Horizontal,1,Conn_02x04_Odd_Even,
J13,PinHeader_1x03_P2.54mm_Horizontal,1,Conn_01x03_Pin,
J14,PinHeader_1x02_P2.54mm_Vertical,1,Conn_01x02_Pin,
J15,PinHeader_1x05_P2.54mm_Horizontal,1,Conn_01x05_Pin,
J16,PinHeader_1x02_P2.54mm_Horizontal,1,Conn_01x02_Pin,
J3,PinSocket_2x02_P2.54mm_Vertical,1,Conn_02x02_Counter_Clockwise,
"J4, TOF A",JST_ZH_B6B-ZR_1x06_P1.50mm_Vertical,2,Conn_01x06,
J5,PinHeader_2x04_P2.54mm_Vertical,1,Conn_02x04_Counter_Clockwise,
J6,PinSocket_2x04_P2.54mm_Vertical,1,Conn_02x04_Counter_Clockwise,
"J7, J8, J9",JST_XH_S3B-XH-A_1x03_P2.50mm_Horizontal,3,Conn_01x03,
"Q1, Q2",SOT-23,2,Q_NPN,
"Q3, Q4, Q5, Q6",SOT-23,4,BSS138,
"R1, R2",0603,2,10k,
"R10, R9",0603,2,2.2k,
"R11, R12, R5, R6, R7, R8",0603,6,0,
R13,0603,1,100k,
"R14, R15, R16, R17, R19, R20, R21, R22, R23, R24, R25, R26, R27, R28, R29, R30, R31, R32, R33",0603,19,1k,
R18,0603,1,3.3k,
"R3, R4",0603,2,5.1k,
U1,SSOP-10-1EP_3.9x4.9mm_P1mm_EP2.1x3.3mm,1,CH340K,
U2,ESP32-WROOM-32D,1,ESP32-WROOM-32E,
U3,TO-252-2,1,NJM7805SDL1,
U4,TSSOP-20_4.4x6.5mm_P0.65mm,1,STM32C011F4Px,
U5,SOT-223,1,AZ1117-3.3,
Y1,Crystal_SMD_3215-2Pin_3.2x1.5mm,1,Crystal_Small,
